Especies,Comun,Sitios
Abudefduf saxatilis,Sargento,"Punta Herrero, Sian Kaan"
Aetobatus narinari,Raya pinta,"Maria Elena, Sian Kaan"
Anisotremus virginicus,Margarita,Banco Chinchorro
Anisotremus surinamensis,Chan Kay,Puerto Morelos
Balistes capriscus,Xcochin gris,
Balistes vetula,Xcochin azul,
Bodianus rufus,Boquinete de arrecife,
Canthidermis sufflamen,Xcochin blanco,
Caranx ruber,Cojinuda,
Caranx latus,Jurel ojon,
Caranx bartholomaei,Cojinuda amarilla,
Caranx crysos,Cojinuda gris,
Cephalopholis cruentatus,Cabrilla de roca,
Cephalopholis fulva,Manzanita,
Epinephelus guttatus,Cabrilla payaso,
Chromis sp.,Chromis,
Damisela sp.,Damisela,
Dasyatis americana,Bala,
Epinephelus adscensionis,Cabrilla lunar,
Epinephelus striatus,Mero criollo,
Epinephelus morio,Mero mestizo,
Gerres cinereus,Mojarra blanca,
Ginglymostoma cirratum,Tiburon gata,
Gramma loreto,Mariposa gallo,
Haemulon flavolineatum,Doradito,
Haemulon plumierii,Matagato,
Haemulon sciurus,Chac-chi lineas azules,
Haemulon aurolineatum,Zotito,
Haemulon album,Zapatero,
Haemulon parra,Barraza,
Haemulon melanurum,Zote,
Haemulon macrostomun,Chac-chi de cueva,
Haemulon sp.,Chac-chi,
Haemulon chrysargyreum,Ronco boca chica,
Haemulon carbonarium,Chac-chi cola negra,
Haemulon striatum ,Ronco rayado,
Holacanthus ciliaris,Angel reina,
Holacanthus tricolor,Chabelita tricolor,
Kyphosus sectatrix/incisor,Cagona,
Lachnolaimus maximus,Boquinete,
Lancero sp.,Cirujanos,
Loro sp.,Loros,
Lutjanus apodus,Pargo amarillo,
Lutjanus mahogoni,Pargo ojon,
Lutjanus griseus,Pargo mulato,
Lutjanus synagris,Pargo rayado,
Lutjanus cyanopterus,Pargo cubera,
Lutjanus analis,Pargo lunar,
Lutjanus sp.,Pargo,
Lutjanus jocu,Pargo lloron,
Mariposa sp.,Mariposa,
Melichtys niger,Xcochin negro,
Microspathodon chrysurus,Damisela cola amarilla,
Mycteroperca phenax,Escobillo,
Mycteroperca bonaci,Abadejo,
Mycteroperca tigris,Mero tigre,
Mycteroperca interstitialis,Mero boca amarilla,
Ocyurus chrysurus,Rubia,
Pluma sp.,Pluma,
Pomacanthus arcuatus,Angel gris,
Pomacanthus paru,Angel frances,
Pterois volitans/miles,Pez leon,
Scarus coeruleus,Loro azul,
Scarus vetula,Loro bigoton,
Scarus coelestinus,Loro medianoche,
Scomberomorus regalis,Sierra,
Scomberomorus sp.,Sierra,
Sparisoma viride,Loro lunar,
Sparisoma aurofrenatum,Loro aleta roja,
Sphyraena barracuda,Barracuda,
Thalassoma bifasciatum,Vieja cabeza azul,
Vieja sp.,Vieja,
Xcochin sp.,Xcochin,
Abudefduf troschelii,Mulegino,
Alphestes immaculatus,Cabrilla rosa,
Anisotremus davidsonii,Canelo,
Anisotremus interruptus,Burrito/Burro ronco,
Apogon retrosella,Cardenal de Cortes,
Balistes polylepis,Cochito,
Bodianus diplotaenia,Vieja /  Vieje de piedra,
Calamus brachysomus,Mojarra blanca,
Canthigaster punctatissima,Botete bonito,
Cephalopholis panamensis,Cabrilla piedrera / mero panameno / Enjambre,
Chaetodon humeralis,Mariposa muneca,
Chromis atrilobata,Castana cola de tijera,
Chromis limbaughi,Castana mexicana,
Cirrhitichthys oxycephalus,Halcon de coral,
Cirrhitus rivulatus,Chino mero,
Dasyatis dipterura,Manta coludo o arenera,
Diodon holocanthus,Pez globo / Pez erizo / mapache ,
Diodon hystrix,Pez erizo picoso,
Diplobatis ommata,Raya electrica ,
Epinephelus analogus,Cabrilla pinta / Cabrilla pinto,
Epinephelus labriformis,Cabrilla piedreda,
Fistularia commersonii,Pez corneta,
Girella simplicidens,Chopa cafe / Chopa ojo azul,
Gymnothorax castaneus,Morena prieta o verde,
Gymnothorax dovii,Morena,
Haemulon flaviguttatum,Rayadillo aleta amarilla / Burro / Ronco de rabo manchado,
Haemulon maculicauda,Rayadillo / Burro roncador rayado,
Haemulon sexfasciatum,Burrito / Burro almejero,
Halichoeres chierchiae,Vieja herida / Senorita herida,
Halichoeres dispilus,Vieja boca amarilla / Senorita cocinera,
Halichoeres melanotis,Senorita dorada,
Halichoeres nicholsi ,Vieja puntos negros,
Halichoeres notospilus,Vieja turquesa / Senorita listada ,
Halichoeres semicinctus,Vieja puntos negros / Senorita roquera,
Kyphosus azurea,Chopa rayada,
Holacanthus passer,angel rey,
Hoplopagrus guentherii,Pargo culon,
Johnrandallia nigrirostris,Mariposa nariz negra,
Kyphosus analogus,Chopa / Copa gris o rayada ,
Kyphosus sp.,,
Lutjanus argentiventris,Pargo amarillo,
Microspathodon dorsalis,Jaqueta gigante,
Muraena lentiginosa,Morena pinta,
Muraena sp.,,
 Mycteroperca jordani,Baya,
Mycteroperca prionura,Cabrilla chiruda / Garropa aserrada / Cabrilla pinta,
Mycteroperca rosacea,Cabrilla sardinera,
Narcine entemedor ,Raya electrica gigante,
Nicholsina denticulata,Perico baboso,
Ophioblennius steindachneri,Borracho mono,
Paralabrax auroguttatus,Extranjero,
Paralabrax maculatofasciatus,Cabrilla arenera,
Paranthias colonus,Sandia,
Pareques fuscovittatus,Payasito lindo,
Pomacanthus zonipectus,angel de Cortes,
Prionurus punctatus,Cirujano cochinito; bota,
Rhinobatos productus,Guitarra viola,
Scarus compressus,Loro,
Scarus ghobban,Loro,
Scarus perrico,Loro jorobado,
Scorpaena mystes,Lupon / Pes escorpion ,
Seriola lalandi,Jurel aleta amarilla,
Serranus psittacinus,Cabrilla falsa / Serrano rayado,
Sphoeroides annulatus,Botete diana,
Sphoeroides lobatus,Botete verrugoso / Botete narizon,
Sphyraena sp.,,
Stegastes acapulcoensis,Damisela acapulquena,
Stegastes rectifraenum,Damisela / Damisela de Cortes,
Sufflamen verres,Cochito naranja,
Thalassoma lucasanum,Viejita arcoiris,
Urobatis concentricus,Manta redonda,
Urobatis sp.,,
Anisotremus davidsoni,Sargo rayado,
Caulolatilus princeps,Pez blanco,
Chromis punctipinnis,Castaneta herrera,
Embiotoca jacksoni,Mojarra negra,
Girella nigricans,Chopa verde,
Heterodontus francisci,Tiburon cornudo,
Hypsypops rubicundus,Garibaldi,
Mycteroperca xenarcha,Garropa jaspeada,
Mycteroperca sp.,,
Ophiodon elongatus,Molva,
Oxyjulis californica,Senorita,
Paralabrax clathratus,Cabrilla sargacera,
Paralabrax nebulifer,Verdillo,
Rhacochilus vacca,Mojarra muellera ,
Rhinobatos productus,Guitarra viola,
Scorpaenichthys marmoratus,Cabezon,
Sebastes auriculatus,Rocote moreno,
Sebastes carnatus,Rocote amarillo,
Sebastes chrysomelas,Rocote mulato,
Sebastes flavidus,Rocote cola amarilla,
Sebastes rastrelliger,Rocote olivo,
Sebastes serranoides,Rocote falsa cabrilla,
Seastes sp.,,
Semicossyphus pulcher,Vieja californiana,
Squatina californica,Angelote del Pacifico,
Stereolepis gigas,Mero pescada,
Halichoeres semicinctus,Vieja puntos negros / Senorita roquera,
 Mycteroperca jordani,Baya,
Diadema antillarum,Erizo negro,
Eucidaris tribuloides,Erizo lapiz,
Holothuroidea sp.,Pepino de mar,
Octopus sp.,Pulpo,
Erizo sp.,Erizo,
Panulirus argus,Langosta espinosa,
Panulirus guttatus,Langosta,
Pterois volitans,Pez leon,
Stenopus hispidus,Camaron boxeador,
Strombus gigas,Caracol rosado,
Tripneustes esculentus,Erizo blanco,
Antipathes galapagensis,Coral negro,
Acanthaster planci,Corona de espinas,
Arbacia stellata,Erizo negro,
Asteropsis carinifera,Estrella Verde,
Astrodictyum sp.,Siempre viva,
Centrostephanus coronatus,Erizo corona ,
Chama sp.,Catarro,
Choromytilus chorus,Choro/Mejillon,
Diadema mexicanum,Erizo bandeado,
Echinaster (Othilia) tenuispinus,Estrella puntas negras,
Echinometra vanbrunti,Erizo morado,
Eucidaris thouarsii,Erizo Lapiz,
Gorgonidae sp.,Corales blandos,
Heliaster kubiniji,Estrella sol,
Hexaplex erythrostomus,Caracol chino rosa,
Hexaplex nigritus,Caracol chino negro,
Hexaplex princeps,Caracol chino / Caracol chino rosado,
Holothuria sp.,Pepino de mar,
Hyotissa hyotis,Ostion,
Isostichopus fuscus,Pepino de mar,
Lejaster/Tamaria,Estrella morada ,
Lobatus galeatus,Caracol amarillo,
Mithrodia bradleyi,Estrella bradley,
Mytilus sp.,Choro/Mejillon,
Nidorellia armata,Estrella galleta,
Nodipecten subnodosus,Almeja mano de leon,
Octopus bimaculatus,Pulpo lunarejo,
Octopus sp.,Pulpo verde,
Panulirus inflatus,Langosta azul,
Panulirus interruptus,Langosta roja,
Pentaceraster cumingi,Estrella acolchonada,
Pharia pyramidata,Estrella piramide,
Phataria unifascialis,Estrella azul,
Pinctada mazatlanica,Madre perla,
Pinna rugosa,Callo de hacha,
Pteria sterna,Callo de arbol,
Spondylus limbatus,Callo escarlopa,
Spondylus crassisquama,Almaje mechuda,
Stenorhynchus debilis,Cangrejo arana,
Strombina maculosa,Concha manchada,
Strombus gracilior,Caracol amarillo chico,
Toxopneustes roseus,Erizo floreado,
Triplofusus princeps,Caracol,
Tripneustes depressus,Erizo cafe,
Turbo fluctuosus,Caracol burgado,
Anthopleura sp. ,Anemona gigante,
Cancer sp.,Cangrejo jaiba,
Centrostephanus coronatus,Erizo corona ,
Crassedoma gigantea,Almeja de roca,
Neobernaya spadicea,Caracol porcelana,
Cypraea sp.,Caracol,
Muricea sp.,Gorgonido,
Haliotis corrugata,Abulon amarillo,
Haliotis cracherodii,Abulon negro,
Haliotis fulgens,Abulon azul,
Haliotis rufescens,Abulon rojo,
Haliotis sorenseni,Abulon chino,
Kelletia kelletii,Caracol tornillo,
Leptogorgia chilensis,Gorgonido rojo,
Megastraea turbanica,Caracol turbina,
Megastraea undosa,Caracol undosa,
Loxorhynchus grandis,Cangrejo arana,
Megathura crenulata,Lapa china,
Mesocentrotus franciscanus,Erizo rojo,
Muricea californica,Gorgonido,
Octopus sp.,Pulpo,
Panulirus interruptus,Langosta roja,
Parastichopus parvimensis,Pepino ,
Patiria miniata,Estrella muricielago,
Pisaster giganteus,Estrella gigante,
Pycnopodia helianthoides,Estrella sol,
Strongylocentrotus purpuratus,Erizo morado,