"","Especie","KeyA","KeyB","Registro_A","Registro_B"
"1","Tetraselmis F. Stein","Distribucion; Alga; Bentos; Bentonica; Catalogo; Chlorophycota","Primer Registro; Alga; Bentos; Bentonica; Catalogo; Chlorophycota","Distribucion de Tetraselmis F. Stein en la costa del Pacifico","Primer registro  Tetraselmis F. Stein en la costa del Pacifico"
"2","Tetraselmis ascus","Distribucion; Alga; Bentos; Bentonica; Catalogo; Chlorophycota","Primer Registro; Alga; Bentos; Bentonica; Catalogo; Chlorophycota","Distribucion de Tetraselmis ascus en la costa del Pacifico","Primer registro  Tetraselmis ascus en la costa del Pacifico"
"3","Tetraselmis marina","Distribucion; Alga; Bentos; Bentonica; Catalogo; Chlorophycota","Primer Registro; Alga; Bentos; Bentonica; Catalogo; Chlorophycota","Distribucion de Tetraselmis marina en la costa del Pacifico","Primer registro  Tetraselmis marina en la costa del Pacifico"
"4","Entocladia condensata","Distribucion; Alga; Bentos; Bentonica; Catalogo; Chlorophycota","Primer Registro; Alga; Bentos; Bentonica; Catalogo; Chlorophycota","Distribucion de Entocladia condensata en la costa del Pacifico","Primer registro  Entocladia condensata en la costa del Pacifico"
"5","Entocladia marchantiae","Distribucion; Alga; Bentos; Bentonica; Catalogo; Chlorophycota","Primer Registro; Alga; Bentos; Bentonica; Catalogo; Chlorophycota","Distribucion de Entocladia marchantiae en la costa del Pacifico","Primer registro  Entocladia marchantiae en la costa del Pacifico"
"6","Entocladia mexicana","Distribucion; Alga; Bentos; Bentonica; Catalogo; Chlorophycota","Primer Registro; Alga; Bentos; Bentonica; Catalogo; Chlorophycota","Distribucion de Entocladia mexicana en la costa del Pacifico","Primer registro  Entocladia mexicana en la costa del Pacifico"
"7","Entocladia polysiphoniae","Distribucion; Alga; Bentos; Bentonica; Catalogo; Chlorophycota","Primer Registro; Alga; Bentos; Bentonica; Catalogo; Chlorophycota","Distribucion de Entocladia polysiphoniae en la costa del Pacifico","Primer registro  Entocladia polysiphoniae en la costa del Pacifico"
"8","Entocladia viridis","Distribucion; Alga; Bentos; Bentonica; Catalogo; Chlorophycota","Primer Registro; Alga; Bentos; Bentonica; Catalogo; Chlorophycota","Distribucion de Entocladia viridis en la costa del Pacifico","Primer registro  Entocladia viridis en la costa del Pacifico"
"9","Pringsheimiella scutata","Distribucion; Alga; Bentos; Bentonica; Catalogo; Chlorophycota","Primer Registro; Alga; Bentos; Bentonica; Catalogo; Chlorophycota","Distribucion de Pringsheimiella scutata en la costa del Pacifico","Primer registro  Pringsheimiella scutata en la costa del Pacifico"
"10","Ulvella setchellii","Distribucion; Alga; Bentos; Bentonica; Catalogo; Chlorophycota","Primer Registro; Alga; Bentos; Bentonica; Catalogo; Chlorophycota","Distribucion de Ulvella setchellii en la costa del Pacifico","Primer registro  Ulvella setchellii en la costa del Pacifico"
"11","Ulothrix flacca","Distribucion; Alga; Bentos; Bentonica; Catalogo; Chlorophycota","Primer Registro; Alga; Bentos; Bentonica; Catalogo; Chlorophycota","Distribucion de Ulothrix flacca en la costa del Pacifico","Primer registro  Ulothrix flacca en la costa del Pacifico"
"12","Pseudendoclonium marinum","Distribucion; Alga; Bentos; Bentonica; Catalogo; Chlorophycota","Primer Registro; Alga; Bentos; Bentonica; Catalogo; Chlorophycota","Distribucion de Pseudendoclonium marinum en la costa del Pacifico","Primer registro  Pseudendoclonium marinum en la costa del Pacifico"
"13","Phaeophila dendroides","Distribucion; Alga; Bentos; Bentonica; Catalogo; Chlorophycota","Primer Registro; Alga; Bentos; Bentonica; Catalogo; Chlorophycota","Distribucion de Phaeophila dendroides en la costa del Pacifico","Primer registro  Phaeophila dendroides en la costa del Pacifico"
"14","Kornmannia leptoderma","Distribucion; Alga; Bentos; Bentonica; Catalogo; Chlorophycota","Primer Registro; Alga; Bentos; Bentonica; Catalogo; Chlorophycota","Distribucion de Kornmannia leptoderma en la costa del Pacifico","Primer registro  Kornmannia leptoderma en la costa del Pacifico"
"15","Blidingia marginata","Distribucion; Alga; Bentos; Bentonica; Catalogo; Chlorophycota","Primer Registro; Alga; Bentos; Bentonica; Catalogo; Chlorophycota","Distribucion de Blidingia marginata en la costa del Pacifico","Primer registro  Blidingia marginata en la costa del Pacifico"
"16","Blidingia minima","Distribucion; Alga; Bentos; Bentonica; Catalogo; Chlorophycota","Primer Registro; Alga; Bentos; Bentonica; Catalogo; Chlorophycota","Distribucion de Blidingia minima en la costa del Pacifico","Primer registro  Blidingia minima en la costa del Pacifico"
"17","Blidingia ramifera","Distribucion; Alga; Bentos; Bentonica; Catalogo; Chlorophycota","Primer Registro; Alga; Bentos; Bentonica; Catalogo; Chlorophycota","Distribucion de Blidingia ramifera en la costa del Pacifico","Primer registro  Blidingia ramifera en la costa del Pacifico"
"18","Gayralia oxysperma","Distribucion; Alga; Bentos; Bentonica; Catalogo; Chlorophycota","Primer Registro; Alga; Bentos; Bentonica; Catalogo; Chlorophycota","Distribucion de Gayralia oxysperma en la costa del Pacifico","Primer registro  Gayralia oxysperma en la costa del Pacifico"
"19","Percursaria dawsonii","Distribucion; Alga; Bentos; Bentonica; Catalogo; Chlorophycota","Primer Registro; Alga; Bentos; Bentonica; Catalogo; Chlorophycota","Distribucion de Percursaria dawsonii en la costa del Pacifico","Primer registro  Percursaria dawsonii en la costa del Pacifico"
"20","Ulva acanthophora","Distribucion; Alga; Bentos; Bentonica; Catalogo; Chlorophycota","Primer Registro; Alga; Bentos; Bentonica; Catalogo; Chlorophycota","Distribucion de Ulva acanthophora en la costa del Pacifico","Primer registro  Ulva acanthophora en la costa del Pacifico"
"21","Ulva californica","Distribucion; Alga; Bentos; Bentonica; Catalogo; Chlorophycota","Primer Registro; Alga; Bentos; Bentonica; Catalogo; Chlorophycota","Distribucion de Ulva californica en la costa del Pacifico","Primer registro  Ulva californica en la costa del Pacifico"
"22","Ulva clathrata","Distribucion; Alga; Bentos; Bentonica; Catalogo; Chlorophycota","Primer Registro; Alga; Bentos; Bentonica; Catalogo; Chlorophycota","Distribucion de Ulva clathrata en la costa del Pacifico","Primer registro  Ulva clathrata en la costa del Pacifico"
"23","Ulva compressa","Distribucion; Alga; Bentos; Bentonica; Catalogo; Chlorophycota","Primer Registro; Alga; Bentos; Bentonica; Catalogo; Chlorophycota","Distribucion de Ulva compressa en la costa del Pacifico","Primer registro  Ulva compressa en la costa del Pacifico"
"24","Ulva dactylifera","Distribucion; Alga; Bentos; Bentonica; Catalogo; Chlorophycota","Primer Registro; Alga; Bentos; Bentonica; Catalogo; Chlorophycota","Distribucion de Ulva dactylifera en la costa del Pacifico","Primer registro  Ulva dactylifera en la costa del Pacifico"
"25","Ulva expansa","Distribucion; Alga; Bentos; Bentonica; Catalogo; Chlorophycota","Primer Registro; Alga; Bentos; Bentonica; Catalogo; Chlorophycota","Distribucion de Ulva expansa en la costa del Pacifico","Primer registro  Ulva expansa en la costa del Pacifico"
"26","Ulva flexuosa","Distribucion; Alga; Bentos; Bentonica; Catalogo; Chlorophycota","Primer Registro; Alga; Bentos; Bentonica; Catalogo; Chlorophycota","Distribucion de Ulva flexuosa en la costa del Pacifico","Primer registro  Ulva flexuosa en la costa del Pacifico"
"27","Ulva intestinalis","Distribucion; Alga; Bentos; Bentonica; Catalogo; Chlorophycota","Primer Registro; Alga; Bentos; Bentonica; Catalogo; Chlorophycota","Distribucion de Ulva intestinalis en la costa del Pacifico","Primer registro  Ulva intestinalis en la costa del Pacifico"
"28","Ulva lactuca","Distribucion; Alga; Bentos; Bentonica; Catalogo; Chlorophycota","Primer Registro; Alga; Bentos; Bentonica; Catalogo; Chlorophycota","Distribucion de Ulva lactuca en la costa del Pacifico","Primer registro  Ulva lactuca en la costa del Pacifico"
"29","Ulva linza","Distribucion; Alga; Bentos; Bentonica; Catalogo; Chlorophycota","Primer Registro; Alga; Bentos; Bentonica; Catalogo; Chlorophycota","Distribucion de Ulva linza en la costa del Pacifico","Primer registro  Ulva linza en la costa del Pacifico"
"30","Ulva lobata","Distribucion; Alga; Bentos; Bentonica; Catalogo; Chlorophycota","Primer Registro; Alga; Bentos; Bentonica; Catalogo; Chlorophycota","Distribucion de Ulva lobata en la costa del Pacifico","Primer registro  Ulva lobata en la costa del Pacifico"
"31","Ulva nematoidea","Distribucion; Alga; Bentos; Bentonica; Catalogo; Chlorophycota","Primer Registro; Alga; Bentos; Bentonica; Catalogo; Chlorophycota","Distribucion de Ulva nematoidea en la costa del Pacifico","Primer registro  Ulva nematoidea en la costa del Pacifico"
"32","Ulva paradoxa","Distribucion; Alga; Bentos; Bentonica; Catalogo; Chlorophycota","Primer Registro; Alga; Bentos; Bentonica; Catalogo; Chlorophycota","Distribucion de Ulva paradoxa en la costa del Pacifico","Primer registro  Ulva paradoxa en la costa del Pacifico"
"33","Ulva prolifera","Distribucion; Alga; Bentos; Bentonica; Catalogo; Chlorophycota","Primer Registro; Alga; Bentos; Bentonica; Catalogo; Chlorophycota","Distribucion de Ulva prolifera en la costa del Pacifico","Primer registro  Ulva prolifera en la costa del Pacifico"
"34","Ulva rigida","Distribucion; Alga; Bentos; Bentonica; Catalogo; Chlorophycota","Primer Registro; Alga; Bentos; Bentonica; Catalogo; Chlorophycota","Distribucion de Ulva rigida en la costa del Pacifico","Primer registro  Ulva rigida en la costa del Pacifico"
"35","Ulva spinulosa","Distribucion; Alga; Bentos; Bentonica; Catalogo; Chlorophycota","Primer Registro; Alga; Bentos; Bentonica; Catalogo; Chlorophycota","Distribucion de Ulva spinulosa en la costa del Pacifico","Primer registro  Ulva spinulosa en la costa del Pacifico"
"36","Ulva taeniata","Distribucion; Alga; Bentos; Bentonica; Catalogo; Chlorophycota","Primer Registro; Alga; Bentos; Bentonica; Catalogo; Chlorophycota","Distribucion de Ulva taeniata en la costa del Pacifico","Primer registro  Ulva taeniata en la costa del Pacifico"
"37","Ulva tanneri","Distribucion; Alga; Bentos; Bentonica; Catalogo; Chlorophycota","Primer Registro; Alga; Bentos; Bentonica; Catalogo; Chlorophycota","Distribucion de Ulva tanneri en la costa del Pacifico","Primer registro  Ulva tanneri en la costa del Pacifico"
"38","Microdictyon palmeri","Distribucion; Alga; Bentos; Bentonica; Catalogo; Chlorophycota","Primer Registro; Alga; Bentos; Bentonica; Catalogo; Chlorophycota","Distribucion de Microdictyon palmeri en la costa del Pacifico","Primer registro  Microdictyon palmeri en la costa del Pacifico"
"39","Chaetomorpha aerea","Distribucion; Alga; Bentos; Bentonica; Catalogo; Chlorophycota","Primer Registro; Alga; Bentos; Bentonica; Catalogo; Chlorophycota","Distribucion de Chaetomorpha aerea en la costa del Pacifico","Primer registro  Chaetomorpha aerea en la costa del Pacifico"
"40","Chaetomorpha antennina","Distribucion; Alga; Bentos; Bentonica; Catalogo; Chlorophycota","Primer Registro; Alga; Bentos; Bentonica; Catalogo; Chlorophycota","Distribucion de Chaetomorpha antennina en la costa del Pacifico","Primer registro  Chaetomorpha antennina en la costa del Pacifico"
"41","Chaetomorpha bangioides","Distribucion; Alga; Bentos; Bentonica; Catalogo; Chlorophycota","Primer Registro; Alga; Bentos; Bentonica; Catalogo; Chlorophycota","Distribucion de Chaetomorpha bangioides en la costa del Pacifico","Primer registro  Chaetomorpha bangioides en la costa del Pacifico"
"42","Chaetomorpha brachygona","Distribucion; Alga; Bentos; Bentonica; Catalogo; Chlorophycota","Primer Registro; Alga; Bentos; Bentonica; Catalogo; Chlorophycota","Distribucion de Chaetomorpha brachygona en la costa del Pacifico","Primer registro  Chaetomorpha brachygona en la costa del Pacifico"
"43","Chaetomorpha californica","Distribucion; Alga; Bentos; Bentonica; Catalogo; Chlorophycota","Primer Registro; Alga; Bentos; Bentonica; Catalogo; Chlorophycota","Distribucion de Chaetomorpha californica en la costa del Pacifico","Primer registro  Chaetomorpha californica en la costa del Pacifico"
"44","Chaetomorpha cannabina","Distribucion; Alga; Bentos; Bentonica; Catalogo; Chlorophycota","Primer Registro; Alga; Bentos; Bentonica; Catalogo; Chlorophycota","Distribucion de Chaetomorpha cannabina en la costa del Pacifico","Primer registro  Chaetomorpha cannabina en la costa del Pacifico"
"45","Chaetomorpha clavata","Distribucion; Alga; Bentos; Bentonica; Catalogo; Chlorophycota","Primer Registro; Alga; Bentos; Bentonica; Catalogo; Chlorophycota","Distribucion de Chaetomorpha clavata en la costa del Pacifico","Primer registro  Chaetomorpha clavata en la costa del Pacifico"
"46","Chaetomorpha crassa","Distribucion; Alga; Bentos; Bentonica; Catalogo; Chlorophycota","Primer Registro; Alga; Bentos; Bentonica; Catalogo; Chlorophycota","Distribucion de Chaetomorpha crassa en la costa del Pacifico","Primer registro  Chaetomorpha crassa en la costa del Pacifico"
"47","Chaetomorpha exposita","Distribucion; Alga; Bentos; Bentonica; Catalogo; Chlorophycota","Primer Registro; Alga; Bentos; Bentonica; Catalogo; Chlorophycota","Distribucion de Chaetomorpha exposita en la costa del Pacifico","Primer registro  Chaetomorpha exposita en la costa del Pacifico"
"48","Chaetomorpha gracilis","Distribucion; Alga; Bentos; Bentonica; Catalogo; Chlorophycota","Primer Registro; Alga; Bentos; Bentonica; Catalogo; Chlorophycota","Distribucion de Chaetomorpha gracilis en la costa del Pacifico","Primer registro  Chaetomorpha gracilis en la costa del Pacifico"
"49","Chaetomorpha javanica","Distribucion; Alga; Bentos; Bentonica; Catalogo; Chlorophycota","Primer Registro; Alga; Bentos; Bentonica; Catalogo; Chlorophycota","Distribucion de Chaetomorpha javanica en la costa del Pacifico","Primer registro  Chaetomorpha javanica en la costa del Pacifico"
"50","Chaetomorpha linoides","Distribucion; Alga; Bentos; Bentonica; Catalogo; Chlorophycota","Primer Registro; Alga; Bentos; Bentonica; Catalogo; Chlorophycota","Distribucion de Chaetomorpha linoides en la costa del Pacifico","Primer registro  Chaetomorpha linoides en la costa del Pacifico"
"51","Chaetomorpha linum (O.F. Muller) Kutzing","Distribucion; Alga; Bentos; Bentonica; Catalogo; Chlorophycota","Primer Registro; Alga; Bentos; Bentonica; Catalogo; Chlorophycota","Distribucion de Chaetomorpha linum (O.F. Muller) Kutzing en la costa del Pacifico","Primer registro  Chaetomorpha linum (O.F. Muller) Kutzing en la costa del Pacifico"
"52","Chaetomorpha minima","Distribucion; Alga; Bentos; Bentonica; Catalogo; Chlorophycota","Primer Registro; Alga; Bentos; Bentonica; Catalogo; Chlorophycota","Distribucion de Chaetomorpha minima en la costa del Pacifico","Primer registro  Chaetomorpha minima en la costa del Pacifico"
"53","Chaetomorpha pachynema","Distribucion; Alga; Bentos; Bentonica; Catalogo; Chlorophycota","Primer Registro; Alga; Bentos; Bentonica; Catalogo; Chlorophycota","Distribucion de Chaetomorpha pachynema en la costa del Pacifico","Primer registro  Chaetomorpha pachynema en la costa del Pacifico"
"54","Chaetomorpha picquotiana","Distribucion; Alga; Bentos; Bentonica; Catalogo; Chlorophycota","Primer Registro; Alga; Bentos; Bentonica; Catalogo; Chlorophycota","Distribucion de Chaetomorpha picquotiana en la costa del Pacifico","Primer registro  Chaetomorpha picquotiana en la costa del Pacifico"
"55","Chaetomorpha spiralis","Distribucion; Alga; Bentos; Bentonica; Catalogo; Chlorophycota","Primer Registro; Alga; Bentos; Bentonica; Catalogo; Chlorophycota","Distribucion de Chaetomorpha spiralis en la costa del Pacifico","Primer registro  Chaetomorpha spiralis en la costa del Pacifico"
"56","Cladophora albida","Distribucion; Alga; Bentos; Bentonica; Catalogo; Chlorophycota","Primer Registro; Alga; Bentos; Bentonica; Catalogo; Chlorophycota","Distribucion de Cladophora albida en la costa del Pacifico","Primer registro  Cladophora albida en la costa del Pacifico"
"57","Cladophora brasiliana","Distribucion; Alga; Bentos; Bentonica; Catalogo; Chlorophycota","Primer Registro; Alga; Bentos; Bentonica; Catalogo; Chlorophycota","Distribucion de Cladophora brasiliana en la costa del Pacifico","Primer registro  Cladophora brasiliana en la costa del Pacifico"
"58","Cladophora coelothrix","Distribucion; Alga; Bentos; Bentonica; Catalogo; Chlorophycota","Primer Registro; Alga; Bentos; Bentonica; Catalogo; Chlorophycota","Distribucion de Cladophora coelothrix en la costa del Pacifico","Primer registro  Cladophora coelothrix en la costa del Pacifico"
"59","Cladophora columbiana","Distribucion; Alga; Bentos; Bentonica; Catalogo; Chlorophycota","Primer Registro; Alga; Bentos; Bentonica; Catalogo; Chlorophycota","Distribucion de Cladophora columbiana en la costa del Pacifico","Primer registro  Cladophora columbiana en la costa del Pacifico"
"60","Cladophora crystallina","Distribucion; Alga; Bentos; Bentonica; Catalogo; Chlorophycota","Primer Registro; Alga; Bentos; Bentonica; Catalogo; Chlorophycota","Distribucion de Cladophora crystallina en la costa del Pacifico","Primer registro  Cladophora crystallina en la costa del Pacifico"
"61","Cladophora flexuosa","Distribucion; Alga; Bentos; Bentonica; Catalogo; Chlorophycota","Primer Registro; Alga; Bentos; Bentonica; Catalogo; Chlorophycota","Distribucion de Cladophora flexuosa en la costa del Pacifico","Primer registro  Cladophora flexuosa en la costa del Pacifico"
"62","Cladophora gracilis","Distribucion; Alga; Bentos; Bentonica; Catalogo; Chlorophycota","Primer Registro; Alga; Bentos; Bentonica; Catalogo; Chlorophycota","Distribucion de Cladophora gracilis en la costa del Pacifico","Primer registro  Cladophora gracilis en la costa del Pacifico"
"63","Cladophora globulina","Distribucion; Alga; Bentos; Bentonica; Catalogo; Chlorophycota","Primer Registro; Alga; Bentos; Bentonica; Catalogo; Chlorophycota","Distribucion de Cladophora globulina en la costa del Pacifico","Primer registro  Cladophora globulina en la costa del Pacifico"
"64","Cladophora glomerata (glomerata)","Distribucion; Alga; Bentos; Bentonica; Catalogo; Chlorophycota","Primer Registro; Alga; Bentos; Bentonica; Catalogo; Chlorophycota","Distribucion de Cladophora glomerata (glomerata) en la costa del Pacifico","Primer registro  Cladophora glomerata (glomerata) en la costa del Pacifico"
"65","Cladophora glomerata (crassio)","Distribucion; Alga; Bentos; Bentonica; Catalogo; Chlorophycota","Primer Registro; Alga; Bentos; Bentonica; Catalogo; Chlorophycota","Distribucion de Cladophora glomerata (crassio) en la costa del Pacifico","Primer registro  Cladophora glomerata (crassio) en la costa del Pacifico"
"66","Cladophora graminea","Distribucion; Alga; Bentos; Bentonica; Catalogo; Chlorophycota","Primer Registro; Alga; Bentos; Bentonica; Catalogo; Chlorophycota","Distribucion de Cladophora graminea en la costa del Pacifico","Primer registro  Cladophora graminea en la costa del Pacifico"
"67","Cladophora hesperia","Distribucion; Alga; Bentos; Bentonica; Catalogo; Chlorophycota","Primer Registro; Alga; Bentos; Bentonica; Catalogo; Chlorophycota","Distribucion de Cladophora hesperia en la costa del Pacifico","Primer registro  Cladophora hesperia en la costa del Pacifico"
"68","Cladophora inserta","Distribucion; Alga; Bentos; Bentonica; Catalogo; Chlorophycota","Primer Registro; Alga; Bentos; Bentonica; Catalogo; Chlorophycota","Distribucion de Cladophora inserta en la costa del Pacifico","Primer registro  Cladophora inserta en la costa del Pacifico"
"69","Cladophora laetevirens","Distribucion; Alga; Bentos; Bentonica; Catalogo; Chlorophycota","Primer Registro; Alga; Bentos; Bentonica; Catalogo; Chlorophycota","Distribucion de Cladophora laetevirens en la costa del Pacifico","Primer registro  Cladophora laetevirens en la costa del Pacifico"
"70","Cladophora lehmanniana","Distribucion; Alga; Bentos; Bentonica; Catalogo; Chlorophycota","Primer Registro; Alga; Bentos; Bentonica; Catalogo; Chlorophycota","Distribucion de Cladophora lehmanniana en la costa del Pacifico","Primer registro  Cladophora lehmanniana en la costa del Pacifico"
"71","Cladophora liebetruthii","Distribucion; Alga; Bentos; Bentonica; Catalogo; Chlorophycota","Primer Registro; Alga; Bentos; Bentonica; Catalogo; Chlorophycota","Distribucion de Cladophora liebetruthii en la costa del Pacifico","Primer registro  Cladophora liebetruthii en la costa del Pacifico"
"72","Cladophora liniformis","Distribucion; Alga; Bentos; Bentonica; Catalogo; Chlorophycota","Primer Registro; Alga; Bentos; Bentonica; Catalogo; Chlorophycota","Distribucion de Cladophora liniformis en la costa del Pacifico","Primer registro  Cladophora liniformis en la costa del Pacifico"
"73","Cladophora macdougalii","Distribucion; Alga; Bentos; Bentonica; Catalogo; Chlorophycota","Primer Registro; Alga; Bentos; Bentonica; Catalogo; Chlorophycota","Distribucion de Cladophora macdougalii en la costa del Pacifico","Primer registro  Cladophora macdougalii en la costa del Pacifico"
"74","Cladophora microcladioides","Distribucion; Alga; Bentos; Bentonica; Catalogo; Chlorophycota","Primer Registro; Alga; Bentos; Bentonica; Catalogo; Chlorophycota","Distribucion de Cladophora microcladioides en la costa del Pacifico","Primer registro  Cladophora microcladioides en la costa del Pacifico"
"75","Cladophora montagneana","Distribucion; Alga; Bentos; Bentonica; Catalogo; Chlorophycota","Primer Registro; Alga; Bentos; Bentonica; Catalogo; Chlorophycota","Distribucion de Cladophora montagneana en la costa del Pacifico","Primer registro  Cladophora montagneana en la costa del Pacifico"
"76","Cladophora nigrescens","Distribucion; Alga; Bentos; Bentonica; Catalogo; Chlorophycota","Primer Registro; Alga; Bentos; Bentonica; Catalogo; Chlorophycota","Distribucion de Cladophora nigrescens en la costa del Pacifico","Primer registro  Cladophora nigrescens en la costa del Pacifico"
"77","Cladophora okamurae","Distribucion; Alga; Bentos; Bentonica; Catalogo; Chlorophycota","Primer Registro; Alga; Bentos; Bentonica; Catalogo; Chlorophycota","Distribucion de Cladophora okamurae en la costa del Pacifico","Primer registro  Cladophora okamurae en la costa del Pacifico"
"78","Cladophora perpusilla","Distribucion; Alga; Bentos; Bentonica; Catalogo; Chlorophycota","Primer Registro; Alga; Bentos; Bentonica; Catalogo; Chlorophycota","Distribucion de Cladophora perpusilla en la costa del Pacifico","Primer registro  Cladophora perpusilla en la costa del Pacifico"
"79","Cladophora prolifera","Distribucion; Alga; Bentos; Bentonica; Catalogo; Chlorophycota","Primer Registro; Alga; Bentos; Bentonica; Catalogo; Chlorophycota","Distribucion de Cladophora prolifera en la costa del Pacifico","Primer registro  Cladophora prolifera en la costa del Pacifico"
"80","Cladophora rivularis","Distribucion; Alga; Bentos; Bentonica; Catalogo; Chlorophycota","Primer Registro; Alga; Bentos; Bentonica; Catalogo; Chlorophycota","Distribucion de Cladophora rivularis en la costa del Pacifico","Primer registro  Cladophora rivularis en la costa del Pacifico"
"81","Cladophora sericea","Distribucion; Alga; Bentos; Bentonica; Catalogo; Chlorophycota","Primer Registro; Alga; Bentos; Bentonica; Catalogo; Chlorophycota","Distribucion de Cladophora sericea en la costa del Pacifico","Primer registro  Cladophora sericea en la costa del Pacifico"
"82","Cladophora stimpsonii","Distribucion; Alga; Bentos; Bentonica; Catalogo; Chlorophycota","Primer Registro; Alga; Bentos; Bentonica; Catalogo; Chlorophycota","Distribucion de Cladophora stimpsonii en la costa del Pacifico","Primer registro  Cladophora stimpsonii en la costa del Pacifico"
"83","Cladophora tiburonensis","Distribucion; Alga; Bentos; Bentonica; Catalogo; Chlorophycota","Primer Registro; Alga; Bentos; Bentonica; Catalogo; Chlorophycota","Distribucion de Cladophora tiburonensis en la costa del Pacifico","Primer registro  Cladophora tiburonensis en la costa del Pacifico"
"84","Cladophora vagabunda","Distribucion; Alga; Bentos; Bentonica; Catalogo; Chlorophycota","Primer Registro; Alga; Bentos; Bentonica; Catalogo; Chlorophycota","Distribucion de Cladophora vagabunda en la costa del Pacifico","Primer registro  Cladophora vagabunda en la costa del Pacifico"
"85","Cladophora verticillata","Distribucion; Alga; Bentos; Bentonica; Catalogo; Chlorophycota","Primer Registro; Alga; Bentos; Bentonica; Catalogo; Chlorophycota","Distribucion de Cladophora verticillata en la costa del Pacifico","Primer registro  Cladophora verticillata en la costa del Pacifico"
"86","Lola lubrica","Distribucion; Alga; Bentos; Bentonica; Catalogo; Chlorophycota","Primer Registro; Alga; Bentos; Bentonica; Catalogo; Chlorophycota","Distribucion de Lola lubrica en la costa del Pacifico","Primer registro  Lola lubrica en la costa del Pacifico"
"87","Rhizoclonium africanum","Distribucion; Alga; Bentos; Bentonica; Catalogo; Chlorophycota","Primer Registro; Alga; Bentos; Bentonica; Catalogo; Chlorophycota","Distribucion de Rhizoclonium africanum en la costa del Pacifico","Primer registro  Rhizoclonium africanum en la costa del Pacifico"
"88","Rhizoclonium hieroglyphicum","Distribucion; Alga; Bentos; Bentonica; Catalogo; Chlorophycota","Primer Registro; Alga; Bentos; Bentonica; Catalogo; Chlorophycota","Distribucion de Rhizoclonium hieroglyphicum en la costa del Pacifico","Primer registro  Rhizoclonium hieroglyphicum en la costa del Pacifico"
"89","Rhizoclonium riparium (riparium)","Distribucion; Alga; Bentos; Bentonica; Catalogo; Chlorophycota","Primer Registro; Alga; Bentos; Bentonica; Catalogo; Chlorophycota","Distribucion de Rhizoclonium riparium (riparium) en la costa del Pacifico","Primer registro  Rhizoclonium riparium (riparium) en la costa del Pacifico"
"90","Rhizoclonium riparium (implexum)","Distribucion; Alga; Bentos; Bentonica; Catalogo; Chlorophycota","Primer Registro; Alga; Bentos; Bentonica; Catalogo; Chlorophycota","Distribucion de Rhizoclonium riparium (implexum) en la costa del Pacifico","Primer registro  Rhizoclonium riparium (implexum) en la costa del Pacifico"
"91","Rhizoclonium tortuosum","Distribucion; Alga; Bentos; Bentonica; Catalogo; Chlorophycota","Primer Registro; Alga; Bentos; Bentonica; Catalogo; Chlorophycota","Distribucion de Rhizoclonium tortuosum en la costa del Pacifico","Primer registro  Rhizoclonium tortuosum en la costa del Pacifico"
"92","Urospora wormskioldii","Distribucion; Alga; Bentos; Bentonica; Catalogo; Chlorophycota","Primer Registro; Alga; Bentos; Bentonica; Catalogo; Chlorophycota","Distribucion de Urospora wormskioldii en la costa del Pacifico","Primer registro  Urospora wormskioldii en la costa del Pacifico"
"93","Boodlea composita","Distribucion; Alga; Bentos; Bentonica; Catalogo; Chlorophycota","Primer Registro; Alga; Bentos; Bentonica; Catalogo; Chlorophycota","Distribucion de Boodlea composita en la costa del Pacifico","Primer registro  Boodlea composita en la costa del Pacifico"
"94","Cladophoropsis gracillima","Distribucion; Alga; Bentos; Bentonica; Catalogo; Chlorophycota","Primer Registro; Alga; Bentos; Bentonica; Catalogo; Chlorophycota","Distribucion de Cladophoropsis gracillima en la costa del Pacifico","Primer registro  Cladophoropsis gracillima en la costa del Pacifico"
"95","Cladophoropsis macromeres","Distribucion; Alga; Bentos; Bentonica; Catalogo; Chlorophycota","Primer Registro; Alga; Bentos; Bentonica; Catalogo; Chlorophycota","Distribucion de Cladophoropsis macromeres en la costa del Pacifico","Primer registro  Cladophoropsis macromeres en la costa del Pacifico"
"96","Cladophoropsis membranacea","Distribucion; Alga; Bentos; Bentonica; Catalogo; Chlorophycota","Primer Registro; Alga; Bentos; Bentonica; Catalogo; Chlorophycota","Distribucion de Cladophoropsis membranacea en la costa del Pacifico","Primer registro  Cladophoropsis membranacea en la costa del Pacifico"
"97","Cladophoropsis sundanensis","Distribucion; Alga; Bentos; Bentonica; Catalogo; Chlorophycota","Primer Registro; Alga; Bentos; Bentonica; Catalogo; Chlorophycota","Distribucion de Cladophoropsis sundanensis en la costa del Pacifico","Primer registro  Cladophoropsis sundanensis en la costa del Pacifico"
"98","Dictyosphaeria australis","Distribucion; Alga; Bentos; Bentonica; Catalogo; Chlorophycota","Primer Registro; Alga; Bentos; Bentonica; Catalogo; Chlorophycota","Distribucion de Dictyosphaeria australis en la costa del Pacifico","Primer registro  Dictyosphaeria australis en la costa del Pacifico"
"99","Dictyosphaeria cavernosa","Distribucion; Alga; Bentos; Bentonica; Catalogo; Chlorophycota","Primer Registro; Alga; Bentos; Bentonica; Catalogo; Chlorophycota","Distribucion de Dictyosphaeria cavernosa en la costa del Pacifico","Primer registro  Dictyosphaeria cavernosa en la costa del Pacifico"
"100","Dictyosphaeria versluysii","Distribucion; Alga; Bentos; Bentonica; Catalogo; Chlorophycota","Primer Registro; Alga; Bentos; Bentonica; Catalogo; Chlorophycota","Distribucion de Dictyosphaeria versluysii en la costa del Pacifico","Primer registro  Dictyosphaeria versluysii en la costa del Pacifico"
"101","Phyllodictyon anastomosans","Distribucion; Alga; Bentos; Bentonica; Catalogo; Chlorophycota","Primer Registro; Alga; Bentos; Bentonica; Catalogo; Chlorophycota","Distribucion de Phyllodictyon anastomosans en la costa del Pacifico","Primer registro  Phyllodictyon anastomosans en la costa del Pacifico"
"102","Phyllodictyon pulcherrimum","Distribucion; Alga; Bentos; Bentonica; Catalogo; Chlorophycota","Primer Registro; Alga; Bentos; Bentonica; Catalogo; Chlorophycota","Distribucion de Phyllodictyon pulcherrimum en la costa del Pacifico","Primer registro  Phyllodictyon pulcherrimum en la costa del Pacifico"
"103","Siphonocladus pusilloides","Distribucion; Alga; Bentos; Bentonica; Catalogo; Chlorophycota","Primer Registro; Alga; Bentos; Bentonica; Catalogo; Chlorophycota","Distribucion de Siphonocladus pusilloides en la costa del Pacifico","Primer registro  Siphonocladus pusilloides en la costa del Pacifico"
"104","Siphonocladus tropicus","Distribucion; Alga; Bentos; Bentonica; Catalogo; Chlorophycota","Primer Registro; Alga; Bentos; Bentonica; Catalogo; Chlorophycota","Distribucion de Siphonocladus tropicus en la costa del Pacifico","Primer registro  Siphonocladus tropicus en la costa del Pacifico"
"105","Struveopsis robusta","Distribucion; Alga; Bentos; Bentonica; Catalogo; Chlorophycota","Primer Registro; Alga; Bentos; Bentonica; Catalogo; Chlorophycota","Distribucion de Struveopsis robusta en la costa del Pacifico","Primer registro  Struveopsis robusta en la costa del Pacifico"
"106","Ernodesmis verticillata","Distribucion; Alga; Bentos; Bentonica; Catalogo; Chlorophycota","Primer Registro; Alga; Bentos; Bentonica; Catalogo; Chlorophycota","Distribucion de Ernodesmis verticillata en la costa del Pacifico","Primer registro  Ernodesmis verticillata en la costa del Pacifico"
"107","Valonia macrophysa","Distribucion; Alga; Bentos; Bentonica; Catalogo; Chlorophycota","Primer Registro; Alga; Bentos; Bentonica; Catalogo; Chlorophycota","Distribucion de Valonia macrophysa en la costa del Pacifico","Primer registro  Valonia macrophysa en la costa del Pacifico"
"108","Valoniopsis hancockii","Distribucion; Alga; Bentos; Bentonica; Catalogo; Chlorophycota","Primer Registro; Alga; Bentos; Bentonica; Catalogo; Chlorophycota","Distribucion de Valoniopsis hancockii en la costa del Pacifico","Primer registro  Valoniopsis hancockii en la costa del Pacifico"
"109","Valoniopsis pachynema","Distribucion; Alga; Bentos; Bentonica; Catalogo; Chlorophycota","Primer Registro; Alga; Bentos; Bentonica; Catalogo; Chlorophycota","Distribucion de Valoniopsis pachynema en la costa del Pacifico","Primer registro  Valoniopsis pachynema en la costa del Pacifico"
"110","Bryopsis corticulans","Distribucion; Alga; Bentos; Bentonica; Catalogo; Chlorophycota","Primer Registro; Alga; Bentos; Bentonica; Catalogo; Chlorophycota","Distribucion de Bryopsis corticulans en la costa del Pacifico","Primer registro  Bryopsis corticulans en la costa del Pacifico"
"111","Bryopsis galapagensis","Distribucion; Alga; Bentos; Bentonica; Catalogo; Chlorophycota","Primer Registro; Alga; Bentos; Bentonica; Catalogo; Chlorophycota","Distribucion de Bryopsis galapagensis en la costa del Pacifico","Primer registro  Bryopsis galapagensis en la costa del Pacifico"
"112","Bryopsis hypnoides","Distribucion; Alga; Bentos; Bentonica; Catalogo; Chlorophycota","Primer Registro; Alga; Bentos; Bentonica; Catalogo; Chlorophycota","Distribucion de Bryopsis hypnoides en la costa del Pacifico","Primer registro  Bryopsis hypnoides en la costa del Pacifico"
"113","Bryopsis muscosa","Distribucion; Alga; Bentos; Bentonica; Catalogo; Chlorophycota","Primer Registro; Alga; Bentos; Bentonica; Catalogo; Chlorophycota","Distribucion de Bryopsis muscosa en la costa del Pacifico","Primer registro  Bryopsis muscosa en la costa del Pacifico"
"114","Bryopsis pennata (pennata)","Distribucion; Alga; Bentos; Bentonica; Catalogo; Chlorophycota","Primer Registro; Alga; Bentos; Bentonica; Catalogo; Chlorophycota","Distribucion de Bryopsis pennata (pennata) en la costa del Pacifico","Primer registro  Bryopsis pennata (pennata) en la costa del Pacifico"
"115","Bryopsis pennata","Distribucion; Alga; Bentos; Bentonica; Catalogo; Chlorophycota","Primer Registro; Alga; Bentos; Bentonica; Catalogo; Chlorophycota","Distribucion de Bryopsis pennata en la costa del Pacifico","Primer registro  Bryopsis pennata en la costa del Pacifico"
"116","Bryopsis plumosa","Distribucion; Alga; Bentos; Bentonica; Catalogo; Chlorophycota","Primer Registro; Alga; Bentos; Bentonica; Catalogo; Chlorophycota","Distribucion de Bryopsis plumosa en la costa del Pacifico","Primer registro  Bryopsis plumosa en la costa del Pacifico"
"117","Derbesia hollenbergii","Distribucion; Alga; Bentos; Bentonica; Catalogo; Chlorophycota","Primer Registro; Alga; Bentos; Bentonica; Catalogo; Chlorophycota","Distribucion de Derbesia hollenbergii en la costa del Pacifico","Primer registro  Derbesia hollenbergii en la costa del Pacifico"
"118","Derbesia lamourouxii","Distribucion; Alga; Bentos; Bentonica; Catalogo; Chlorophycota","Primer Registro; Alga; Bentos; Bentonica; Catalogo; Chlorophycota","Distribucion de Derbesia lamourouxii en la costa del Pacifico","Primer registro  Derbesia lamourouxii en la costa del Pacifico"
"119","Derbesia marina","Distribucion; Alga; Bentos; Bentonica; Catalogo; Chlorophycota","Primer Registro; Alga; Bentos; Bentonica; Catalogo; Chlorophycota","Distribucion de Derbesia marina en la costa del Pacifico","Primer registro  Derbesia marina en la costa del Pacifico"
"120","Derbesia prolifica","Distribucion; Alga; Bentos; Bentonica; Catalogo; Chlorophycota","Primer Registro; Alga; Bentos; Bentonica; Catalogo; Chlorophycota","Distribucion de Derbesia prolifica en la costa del Pacifico","Primer registro  Derbesia prolifica en la costa del Pacifico"
"121","Derbesia tenuissima","Distribucion; Alga; Bentos; Bentonica; Catalogo; Chlorophycota","Primer Registro; Alga; Bentos; Bentonica; Catalogo; Chlorophycota","Distribucion de Derbesia tenuissima en la costa del Pacifico","Primer registro  Derbesia tenuissima en la costa del Pacifico"
"122","Derbesia turbinata","Distribucion; Alga; Bentos; Bentonica; Catalogo; Chlorophycota","Primer Registro; Alga; Bentos; Bentonica; Catalogo; Chlorophycota","Distribucion de Derbesia turbinata en la costa del Pacifico","Primer registro  Derbesia turbinata en la costa del Pacifico"
"123","Pseudobryopsis hainanensis","Distribucion; Alga; Bentos; Bentonica; Catalogo; Chlorophycota","Primer Registro; Alga; Bentos; Bentonica; Catalogo; Chlorophycota","Distribucion de Pseudobryopsis hainanensis en la costa del Pacifico","Primer registro  Pseudobryopsis hainanensis en la costa del Pacifico"
"124","Caulerpa ambigua (ambiguia)","Distribucion; Alga; Bentos; Bentonica; Catalogo; Chlorophycota","Primer Registro; Alga; Bentos; Bentonica; Catalogo; Chlorophycota","Distribucion de Caulerpa ambigua (ambiguia) en la costa del Pacifico","Primer registro  Caulerpa ambigua (ambiguia) en la costa del Pacifico"
"125","Caulerpa ambigua (luxurians)","Distribucion; Alga; Bentos; Bentonica; Catalogo; Chlorophycota","Primer Registro; Alga; Bentos; Bentonica; Catalogo; Chlorophycota","Distribucion de Caulerpa ambigua (luxurians) en la costa del Pacifico","Primer registro  Caulerpa ambigua (luxurians) en la costa del Pacifico"
"126","Caulerpa arenicola","Distribucion; Alga; Bentos; Bentonica; Catalogo; Chlorophycota","Primer Registro; Alga; Bentos; Bentonica; Catalogo; Chlorophycota","Distribucion de Caulerpa arenicola en la costa del Pacifico","Primer registro  Caulerpa arenicola en la costa del Pacifico"
"127","Caulerpa cupressoides (cupressoides)","Distribucion; Alga; Bentos; Bentonica; Catalogo; Chlorophycota","Primer Registro; Alga; Bentos; Bentonica; Catalogo; Chlorophycota","Distribucion de Caulerpa cupressoides (cupressoides) en la costa del Pacifico","Primer registro  Caulerpa cupressoides (cupressoides) en la costa del Pacifico"
"128","Caulerpa cupressoides (lycopodium)","Distribucion; Alga; Bentos; Bentonica; Catalogo; Chlorophycota","Primer Registro; Alga; Bentos; Bentonica; Catalogo; Chlorophycota","Distribucion de Caulerpa cupressoides (lycopodium) en la costa del Pacifico","Primer registro  Caulerpa cupressoides (lycopodium) en la costa del Pacifico"
"129","Caulerpa fastigiata","Distribucion; Alga; Bentos; Bentonica; Catalogo; Chlorophycota","Primer Registro; Alga; Bentos; Bentonica; Catalogo; Chlorophycota","Distribucion de Caulerpa fastigiata en la costa del Pacifico","Primer registro  Caulerpa fastigiata en la costa del Pacifico"
"130","Caulerpa imbricata","Distribucion; Alga; Bentos; Bentonica; Catalogo; Chlorophycota","Primer Registro; Alga; Bentos; Bentonica; Catalogo; Chlorophycota","Distribucion de Caulerpa imbricata en la costa del Pacifico","Primer registro  Caulerpa imbricata en la costa del Pacifico"
"131","Caulerpa mexicana","Distribucion; Alga; Bentos; Bentonica; Catalogo; Chlorophycota","Primer Registro; Alga; Bentos; Bentonica; Catalogo; Chlorophycota","Distribucion de Caulerpa mexicana en la costa del Pacifico","Primer registro  Caulerpa mexicana en la costa del Pacifico"
"132","Caulerpa mexicana (pectinata)","Distribucion; Alga; Bentos; Bentonica; Catalogo; Chlorophycota","Primer Registro; Alga; Bentos; Bentonica; Catalogo; Chlorophycota","Distribucion de Caulerpa mexicana (pectinata) en la costa del Pacifico","Primer registro  Caulerpa mexicana (pectinata) en la costa del Pacifico"
"133","Caulerpa peltata","Distribucion; Alga; Bentos; Bentonica; Catalogo; Chlorophycota","Primer Registro; Alga; Bentos; Bentonica; Catalogo; Chlorophycota","Distribucion de Caulerpa peltata en la costa del Pacifico","Primer registro  Caulerpa peltata en la costa del Pacifico"
"134","Caulerpa racemosa","Distribucion; Alga; Bentos; Bentonica; Catalogo; Chlorophycota","Primer Registro; Alga; Bentos; Bentonica; Catalogo; Chlorophycota","Distribucion de Caulerpa racemosa en la costa del Pacifico","Primer registro  Caulerpa racemosa en la costa del Pacifico"
"135","Caulerpa racemosa (racemosa)","Distribucion; Alga; Bentos; Bentonica; Catalogo; Chlorophycota","Primer Registro; Alga; Bentos; Bentonica; Catalogo; Chlorophycota","Distribucion de Caulerpa racemosa (racemosa) en la costa del Pacifico","Primer registro  Caulerpa racemosa (racemosa) en la costa del Pacifico"
"136","Caulerpa racemosa (macrophysa)","Distribucion; Alga; Bentos; Bentonica; Catalogo; Chlorophycota","Primer Registro; Alga; Bentos; Bentonica; Catalogo; Chlorophycota","Distribucion de Caulerpa racemosa (macrophysa) en la costa del Pacifico","Primer registro  Caulerpa racemosa (macrophysa) en la costa del Pacifico"
"137","Caulerpa racemosa (occidentalis)","Distribucion; Alga; Bentos; Bentonica; Catalogo; Chlorophycota","Primer Registro; Alga; Bentos; Bentonica; Catalogo; Chlorophycota","Distribucion de Caulerpa racemosa (occidentalis) en la costa del Pacifico","Primer registro  Caulerpa racemosa (occidentalis) en la costa del Pacifico"
"138","Caulerpa racemosa (turninata)","Distribucion; Alga; Bentos; Bentonica; Catalogo; Chlorophycota","Primer Registro; Alga; Bentos; Bentonica; Catalogo; Chlorophycota","Distribucion de Caulerpa racemosa (turninata) en la costa del Pacifico","Primer registro  Caulerpa racemosa (turninata) en la costa del Pacifico"
"139","Caulerpa sertularioides","Distribucion; Alga; Bentos; Bentonica; Catalogo; Chlorophycota","Primer Registro; Alga; Bentos; Bentonica; Catalogo; Chlorophycota","Distribucion de Caulerpa sertularioides en la costa del Pacifico","Primer registro  Caulerpa sertularioides en la costa del Pacifico"
"140","Caulerpa sertularioides (brevipes)","Distribucion; Alga; Bentos; Bentonica; Catalogo; Chlorophycota","Primer Registro; Alga; Bentos; Bentonica; Catalogo; Chlorophycota","Distribucion de Caulerpa sertularioides (brevipes) en la costa del Pacifico","Primer registro  Caulerpa sertularioides (brevipes) en la costa del Pacifico"
"141","Caulerpa sertularioides (longiseta)","Distribucion; Alga; Bentos; Bentonica; Catalogo; Chlorophycota","Primer Registro; Alga; Bentos; Bentonica; Catalogo; Chlorophycota","Distribucion de Caulerpa sertularioides (longiseta) en la costa del Pacifico","Primer registro  Caulerpa sertularioides (longiseta) en la costa del Pacifico"
"142","Caulerpa vanbosseae","Distribucion; Alga; Bentos; Bentonica; Catalogo; Chlorophycota","Primer Registro; Alga; Bentos; Bentonica; Catalogo; Chlorophycota","Distribucion de Caulerpa vanbosseae en la costa del Pacifico","Primer registro  Caulerpa vanbosseae en la costa del Pacifico"
"143","Caulerpa verticillata","Distribucion; Alga; Bentos; Bentonica; Catalogo; Chlorophycota","Primer Registro; Alga; Bentos; Bentonica; Catalogo; Chlorophycota","Distribucion de Caulerpa verticillata en la costa del Pacifico","Primer registro  Caulerpa verticillata en la costa del Pacifico"
"144","Codium amplivesciculatum","Distribucion; Alga; Bentos; Bentonica; Catalogo; Chlorophycota","Primer Registro; Alga; Bentos; Bentonica; Catalogo; Chlorophycota","Distribucion de Codium amplivesciculatum en la costa del Pacifico","Primer registro  Codium amplivesciculatum en la costa del Pacifico"
"145","Codium brandegeei","Distribucion; Alga; Bentos; Bentonica; Catalogo; Chlorophycota","Primer Registro; Alga; Bentos; Bentonica; Catalogo; Chlorophycota","Distribucion de Codium brandegeei en la costa del Pacifico","Primer registro  Codium brandegeei en la costa del Pacifico"
"146","Codium dawsonii","Distribucion; Alga; Bentos; Bentonica; Catalogo; Chlorophycota","Primer Registro; Alga; Bentos; Bentonica; Catalogo; Chlorophycota","Distribucion de Codium dawsonii en la costa del Pacifico","Primer registro  Codium dawsonii en la costa del Pacifico"
"147","Codium decorticatum","Distribucion; Alga; Bentos; Bentonica; Catalogo; Chlorophycota","Primer Registro; Alga; Bentos; Bentonica; Catalogo; Chlorophycota","Distribucion de Codium decorticatum en la costa del Pacifico","Primer registro  Codium decorticatum en la costa del Pacifico"
"148","Codium dichotomum","Distribucion; Alga; Bentos; Bentonica; Catalogo; Chlorophycota","Primer Registro; Alga; Bentos; Bentonica; Catalogo; Chlorophycota","Distribucion de Codium dichotomum en la costa del Pacifico","Primer registro  Codium dichotomum en la costa del Pacifico"
"149","Codium fragile","Distribucion; Alga; Bentos; Bentonica; Catalogo; Chlorophycota","Primer Registro; Alga; Bentos; Bentonica; Catalogo; Chlorophycota","Distribucion de Codium fragile en la costa del Pacifico","Primer registro  Codium fragile en la costa del Pacifico"
"150","Codium giraffa","Distribucion; Alga; Bentos; Bentonica; Catalogo; Chlorophycota","Primer Registro; Alga; Bentos; Bentonica; Catalogo; Chlorophycota","Distribucion de Codium giraffa en la costa del Pacifico","Primer registro  Codium giraffa en la costa del Pacifico"
"151","Codium hubbsii","Distribucion; Alga; Bentos; Bentonica; Catalogo; Chlorophycota","Primer Registro; Alga; Bentos; Bentonica; Catalogo; Chlorophycota","Distribucion de Codium hubbsii en la costa del Pacifico","Primer registro  Codium hubbsii en la costa del Pacifico"
"152","Codium isabelae","Distribucion; Alga; Bentos; Bentonica; Catalogo; Chlorophycota","Primer Registro; Alga; Bentos; Bentonica; Catalogo; Chlorophycota","Distribucion de Codium isabelae en la costa del Pacifico","Primer registro  Codium isabelae en la costa del Pacifico"
"153","Codium johnstonei","Distribucion; Alga; Bentos; Bentonica; Catalogo; Chlorophycota","Primer Registro; Alga; Bentos; Bentonica; Catalogo; Chlorophycota","Distribucion de Codium johnstonei en la costa del Pacifico","Primer registro  Codium johnstonei en la costa del Pacifico"
"154","Codium latum","Distribucion; Alga; Bentos; Bentonica; Catalogo; Chlorophycota","Primer Registro; Alga; Bentos; Bentonica; Catalogo; Chlorophycota","Distribucion de Codium latum en la costa del Pacifico","Primer registro  Codium latum en la costa del Pacifico"
"155","Codium picturatum","Distribucion; Alga; Bentos; Bentonica; Catalogo; Chlorophycota","Primer Registro; Alga; Bentos; Bentonica; Catalogo; Chlorophycota","Distribucion de Codium picturatum en la costa del Pacifico","Primer registro  Codium picturatum en la costa del Pacifico"
"156","Codium schmiederi","Distribucion; Alga; Bentos; Bentonica; Catalogo; Chlorophycota","Primer Registro; Alga; Bentos; Bentonica; Catalogo; Chlorophycota","Distribucion de Codium schmiederi en la costa del Pacifico","Primer registro  Codium schmiederi en la costa del Pacifico"
"157","Codium setchellii","Distribucion; Alga; Bentos; Bentonica; Catalogo; Chlorophycota","Primer Registro; Alga; Bentos; Bentonica; Catalogo; Chlorophycota","Distribucion de Codium setchellii en la costa del Pacifico","Primer registro  Codium setchellii en la costa del Pacifico"
"158","Codium simulans","Distribucion; Alga; Bentos; Bentonica; Catalogo; Chlorophycota","Primer Registro; Alga; Bentos; Bentonica; Catalogo; Chlorophycota","Distribucion de Codium simulans en la costa del Pacifico","Primer registro  Codium simulans en la costa del Pacifico"
"159","Halimeda cuneata","Distribucion; Alga; Bentos; Bentonica; Catalogo; Chlorophycota","Primer Registro; Alga; Bentos; Bentonica; Catalogo; Chlorophycota","Distribucion de Halimeda cuneata en la costa del Pacifico","Primer registro  Halimeda cuneata en la costa del Pacifico"
"160","Halimeda discoidea","Distribucion; Alga; Bentos; Bentonica; Catalogo; Chlorophycota","Primer Registro; Alga; Bentos; Bentonica; Catalogo; Chlorophycota","Distribucion de Halimeda discoidea en la costa del Pacifico","Primer registro  Halimeda discoidea en la costa del Pacifico"
"161","Halimeda hederacea","Distribucion; Alga; Bentos; Bentonica; Catalogo; Chlorophycota","Primer Registro; Alga; Bentos; Bentonica; Catalogo; Chlorophycota","Distribucion de Halimeda hederacea en la costa del Pacifico","Primer registro  Halimeda hederacea en la costa del Pacifico"
"162","Halimeda opuntia","Distribucion; Alga; Bentos; Bentonica; Catalogo; Chlorophycota","Primer Registro; Alga; Bentos; Bentonica; Catalogo; Chlorophycota","Distribucion de Halimeda opuntia en la costa del Pacifico","Primer registro  Halimeda opuntia en la costa del Pacifico"
"163","Halimeda scabra","Distribucion; Alga; Bentos; Bentonica; Catalogo; Chlorophycota","Primer Registro; Alga; Bentos; Bentonica; Catalogo; Chlorophycota","Distribucion de Halimeda scabra en la costa del Pacifico","Primer registro  Halimeda scabra en la costa del Pacifico"
"164","Halimeda tuna","Distribucion; Alga; Bentos; Bentonica; Catalogo; Chlorophycota","Primer Registro; Alga; Bentos; Bentonica; Catalogo; Chlorophycota","Distribucion de Halimeda tuna en la costa del Pacifico","Primer registro  Halimeda tuna en la costa del Pacifico"
"165","Ostreobium quekettii","Distribucion; Alga; Bentos; Bentonica; Catalogo; Chlorophycota","Primer Registro; Alga; Bentos; Bentonica; Catalogo; Chlorophycota","Distribucion de Ostreobium quekettii en la costa del Pacifico","Primer registro  Ostreobium quekettii en la costa del Pacifico"
"166","Chlorodesmis caespitosa","Distribucion; Alga; Bentos; Bentonica; Catalogo; Chlorophycota","Primer Registro; Alga; Bentos; Bentonica; Catalogo; Chlorophycota","Distribucion de Chlorodesmis caespitosa en la costa del Pacifico","Primer registro  Chlorodesmis caespitosa en la costa del Pacifico"
"167","Chlorodesmis hildebrandtii","Distribucion; Alga; Bentos; Bentonica; Catalogo; Chlorophycota","Primer Registro; Alga; Bentos; Bentonica; Catalogo; Chlorophycota","Distribucion de Chlorodesmis hildebrandtii en la costa del Pacifico","Primer registro  Chlorodesmis hildebrandtii en la costa del Pacifico"
"168","Geppella decussata","Distribucion; Alga; Bentos; Bentonica; Catalogo; Chlorophycota","Primer Registro; Alga; Bentos; Bentonica; Catalogo; Chlorophycota","Distribucion de Geppella decussata en la costa del Pacifico","Primer registro  Geppella decussata en la costa del Pacifico"
"169","Penicillus sibogae","Distribucion; Alga; Bentos; Bentonica; Catalogo; Chlorophycota","Primer Registro; Alga; Bentos; Bentonica; Catalogo; Chlorophycota","Distribucion de Penicillus sibogae en la costa del Pacifico","Primer registro  Penicillus sibogae en la costa del Pacifico"
"170","Batophora oerstedii","Distribucion; Alga; Bentos; Bentonica; Catalogo; Chlorophycota","Primer Registro; Alga; Bentos; Bentonica; Catalogo; Chlorophycota","Distribucion de Batophora oerstedii en la costa del Pacifico","Primer registro  Batophora oerstedii en la costa del Pacifico"
"171","Neomeris annulata","Distribucion; Alga; Bentos; Bentonica; Catalogo; Chlorophycota","Primer Registro; Alga; Bentos; Bentonica; Catalogo; Chlorophycota","Distribucion de Neomeris annulata en la costa del Pacifico","Primer registro  Neomeris annulata en la costa del Pacifico"
"172","Neomeris van-bosseae","Distribucion; Alga; Bentos; Bentonica; Catalogo; Chlorophycota","Primer Registro; Alga; Bentos; Bentonica; Catalogo; Chlorophycota","Distribucion de Neomeris van-bosseae en la costa del Pacifico","Primer registro  Neomeris van-bosseae en la costa del Pacifico"
"173","Acetabularia calyculus","Distribucion; Alga; Bentos; Bentonica; Catalogo; Chlorophycota","Primer Registro; Alga; Bentos; Bentonica; Catalogo; Chlorophycota","Distribucion de Acetabularia calyculus en la costa del Pacifico","Primer registro  Acetabularia calyculus en la costa del Pacifico"
"174","Acetabularia crenulata","Distribucion; Alga; Bentos; Bentonica; Catalogo; Chlorophycota","Primer Registro; Alga; Bentos; Bentonica; Catalogo; Chlorophycota","Distribucion de Acetabularia crenulata en la costa del Pacifico","Primer registro  Acetabularia crenulata en la costa del Pacifico"
"175","Acetabularia farlowii","Distribucion; Alga; Bentos; Bentonica; Catalogo; Chlorophycota","Primer Registro; Alga; Bentos; Bentonica; Catalogo; Chlorophycota","Distribucion de Acetabularia farlowii en la costa del Pacifico","Primer registro  Acetabularia farlowii en la costa del Pacifico"
"176","Acetabularia parvula","Distribucion; Alga; Bentos; Bentonica; Catalogo; Chlorophycota","Primer Registro; Alga; Bentos; Bentonica; Catalogo; Chlorophycota","Distribucion de Acetabularia parvula en la costa del Pacifico","Primer registro  Acetabularia parvula en la costa del Pacifico"
"177","Acetabularia pusilla","Distribucion; Alga; Bentos; Bentonica; Catalogo; Chlorophycota","Primer Registro; Alga; Bentos; Bentonica; Catalogo; Chlorophycota","Distribucion de Acetabularia pusilla en la costa del Pacifico","Primer registro  Acetabularia pusilla en la costa del Pacifico"
"178","Pilinella californica","Distribucion; Alga; Bentos; Bentonica; Catalogo; Chlorophycota","Primer Registro; Alga; Bentos; Bentonica; Catalogo; Chlorophycota","Distribucion de Pilinella californica en la costa del Pacifico","Primer registro  Pilinella californica en la costa del Pacifico"
"179","Pilinia maritima","Distribucion; Alga; Bentos; Bentonica; Catalogo; Chlorophycota","Primer Registro; Alga; Bentos; Bentonica; Catalogo; Chlorophycota","Distribucion de Pilinia maritima en la costa del Pacifico","Primer registro  Pilinia maritima en la costa del Pacifico"
